{"pub_year": {"publisher": "tandf", "correct_counter": 17724, "missing_counter": 0, "incorrect_counter": 387, "total": 18111, "correct_%": 97.86317707470597, "incorrect_%": 2.13682292529402, "missing_%": 0.0}, "acc_pub_date": {"publisher": "tandf", "correct_date_counter": 19, "incorrect_date_counter": 1011, "correct_month_counter": 1152, "partial_month_counter": 0, "missing_counter": 316, "incorrect_counter": 11017, "total": 12485, "correct_date_%": 0.15218261914297157, "incorrect_date_%": 8.097717260712855, "correct_month_%": 9.227072486984381, "partial_month_%": 0.0, "missing_%": 2.5310372446936324, "incorrect_%": 88.24189026832198}, "pub_pub_date": {"publisher": "tandf", "correct_date_counter": 395, "incorrect_date_counter": 1795, "correct_month_counter": 2783, "partial_month_counter": 0, "missing_counter": 499, "incorrect_counter": 14931, "total": 18213, "correct_date_%": 2.168780541371548, "incorrect_date_%": 9.855597650030198, "correct_month_%": 15.28029429528359, "partial_month_%": 0.0, "missing_%": 2.7398012408719046, "incorrect_%": 81.9799044638445}, "journal_name": {"publisher": "tandf", "correct_counter": 17419, "likely_correct": 1132, "missing_counter": 0, "incorrect_counter": 80, "total": 18631, "correct_%": 93.49471311255434, "likely_correct_%": 6.075895013686866, "missing_%": 0.0, "incorrect_%": 0.42939187375878907}, "journal_edition": {"publisher": "tandf", "all_correct_counter": 17329, "correct_volume": 17632, "correct_issue": 17340, "correct_part": 0, "missing_volume": 478, "missing_issue": 692, "missing_part": 0, "incorrect_volume": 1, "incorrect_issue": 20, "incorrect_part": 0, "incorrect_counter": 7, "total_volume": 18111, "total_issue": 18075, "total_part": 0, "total": 18075, "all_correct_%": 95.87275242047026, "incorrect_%": 0.03872752420470263, "correct_volume_%": 97.3551984981503, "missing_volume_%": 2.639279995582795, "incorrect_volume_%": 0.005521506266909613, "correct_issue_%": 95.93360995850622, "missing_issue_%": 3.8284923928077452, "incorrect_issue_%": 0.11065006915629322}, "paper_type": {"publisher": "tandf", "correct_counter": 12087, "missing_counter": 0, "incorrect_counter": 6542, "total": 18629, "correct_%": 64.88270975360997, "incorrect_%": 35.117290246390034, "missing_%": 0.0}, "authors": {"publisher": "tandf", "correct_counter": 18007, "missing_authors_counter": 590, "missing_data_counter": 0, "incorrect_counter": 6, "total_papers": 18603, "correct_%": 96.79621566414019, "missing_authors_%": 3.1715314734182662, "incorrect_%": 0.032252862441541685, "missing_data_%": 0.0}, "article_title": {"publisher": "tandf", "exact_correct_counter": 14876, "mostly_correct_counter": 3685, "missing_counter": 0, "incorrect_counter": 56, "total": 18617, "exact_correct_%": 79.90546274910028, "mostly_correct_%": 19.793736907127894, "missing_%": 0.0, "incorrect_%": 0.30080034377182147}}